episode,timestep,reward
6,600,-233.9904
11,1200,-238.2755
17,1800,-147.2935
23,2400,-160.4383
29,3000,-277.9059
35,3600,-289.3977
42,4200,-191.8234
49,4800,-158.3155
56,5400,-141.5163
62,6000,-185.7363
67,6600,-156.3556
73,7200,-120.3945
79,7800,-133.2083
85,8400,-194.7334
89,9000,-177.153
95,9600,-94.5113
101,10200,-60.6072
107,10800,-52.4971
112,11400,-153.0949
117,12000,-95.506
123,12600,-62.6918
128,13200,-29.7547
133,13800,-50.3361
137,14400,-200.4472
141,15000,-82.1149
145,15600,-107.5058
150,16200,-107.2766
154,16800,-53.2592
158,17400,-87.2713
161,18000,-92.061
166,18600,-18.0113
169,19200,-51.8155
173,19800,-8.9411
178,20400,-8.0101
182,21000,4.2513
185,21600,9.4478
188,22200,19.7169
191,22800,57.1768
193,23400,31.2226
196,24000,50.1077
198,24600,-19.4896
202,25200,-37.6291
205,25800,82.1155
208,26400,44.6921
211,27000,-65.0271
215,27600,-52.2882
218,28200,13.4458
221,28800,60.2909
224,29400,1.2856
227,30000,10.2353
229,30600,74.2005
231,31200,17.8164
233,31800,-46.2727
235,32400,88.6448
237,33000,42.5846
240,33600,10.0273
242,34200,53.5558
245,34800,23.7123
248,35400,25.2974
250,36000,14.1483
252,36600,-68.1821
255,37200,27.3088
257,37800,65.4385
260,38400,58.3178
263,39000,10.3617
265,39600,86.4204
268,40200,67.3642
270,40800,36.308
273,41400,58.5658
276,42000,6.4105
278,42600,93.0352
280,43200,87.0331
282,43800,108.0674
285,44400,26.8418
288,45000,51.103
290,45600,80.0708
292,46200,17.326
294,46800,82.8163
296,47400,107.1481
298,48000,19.8021
300,48600,56.87
302,49200,-71.6397
305,49800,24.9378
309,50400,14.3429
311,51000,157.9341
313,51600,59.8504
316,52200,17.0509
319,52800,71.0305
321,53400,-8.0868
323,54000,86.7162
326,54600,23.0103
328,55200,80.9966
330,55800,117.7438
332,56400,53.1669
334,57000,69.0734
336,57600,94.4713
339,58200,-8.0946
341,58800,0.131
343,59400,48.272
345,60000,91.651
348,60600,60.4807
350,61200,66.5272
352,61800,130.9388
354,62400,30.004
357,63000,-8.9567
360,63600,14.257
362,64200,201.3569
365,64800,63.1017
367,65400,78.9902
369,66000,116.9885
371,66600,56.927
373,67200,61.1937
375,67800,21.4793
377,68400,91.2179
379,69000,-34.1474
383,69600,-10.4602
386,70200,-20.8238
388,70800,35.294
391,71400,15.6122
394,72000,-10.6745
396,72600,80.171
399,73200,63.8125
402,73800,5.9649
404,74400,69.9518
408,75000,4.3893
411,75600,97.9607
413,76200,129.3208
415,76800,88.7709
417,77400,151.5766
420,78000,53.4445
422,78600,206.6387
424,79200,148.0703
427,79800,68.5277
430,80400,34.6054
433,81000,46.4313
435,81600,118.0976
437,82200,85.0755
439,82800,116.8672
441,83400,-4.1688
443,84000,40.2355
445,84600,64.5289
448,85200,109.7232
451,85800,52.4349
454,86400,27.1602
456,87000,-2.9869
459,87600,78.9125
461,88200,73.1333
463,88800,23.2518
465,89400,35.0345
467,90000,93.1543
469,90600,81.406
472,91200,85.9091
474,91800,93.4886
476,92400,59.1414
478,93000,6.9859
480,93600,73.0852
482,94200,87.9585
484,94800,-0.2304
486,95400,105.2856
488,96000,84.9598
490,96600,50.8107
492,97200,117.2661
494,97800,151.9035
496,98400,131.8083
498,99000,130.9107
500,99600,41.1189
502,100200,85.7688
505,100800,70.9389
507,101400,115.7867
509,102000,151.3175
511,102600,140.423
513,103200,121.4654
515,103800,54.0737
518,104400,62.7738
520,105000,98.2971
522,105600,129.0481
524,106200,163.3318
527,106800,83.2014
529,107400,106.7849
532,108000,93.5189
535,108600,34.9103
537,109200,115.433
539,109800,-17.5355
541,110400,85.184
543,111000,50.398
545,111600,68.2019
547,112200,182.4888
550,112800,132.4761
552,113400,46.3694
554,114000,43.3176
558,114600,44.4845
560,115200,52.9415
562,115800,20.9316
565,116400,13.7316
568,117000,17.211
570,117600,114.8903
572,118200,21.0358
575,118800,22.594
577,119400,94.154
579,120000,213.905
581,120600,83.4723
583,121200,117.1686
585,121800,120.7971
588,122400,-15.0665
590,123000,63.9283
592,123600,94.6495
594,124200,16.8677
596,124800,63.9939
598,125400,85.4439
600,126000,96.553
602,126600,83.3831
604,127200,61.9494
606,127800,166.9485
609,128400,100.8622
611,129000,181.7955
613,129600,96.9747
616,130200,33.171
618,130800,45.8519
620,131400,52.6494
622,132000,96.6907
625,132600,60.6483
627,133200,96.1971
629,133800,190.6382
631,134400,15.9501
633,135000,46.2019
636,135600,39.2545
639,136200,15.5011
641,136800,-29.0441
643,137400,12.5457
645,138000,59.5741
648,138600,105.0284
650,139200,71.3359
652,139800,76.2626
655,140400,14.1599
657,141000,84.7814
659,141600,22.5492
661,142200,149.5967
663,142800,128.3731
665,143400,133.3039
668,144000,131.123
670,144600,35.1657
673,145200,136.5762
675,145800,48.4117
678,146400,36.0363
680,147000,37.641
682,147600,109.3844
684,148200,74.3422
687,148800,108.1064
689,149400,186.3181
691,150000,38.9201
693,150600,86.0177
695,151200,131.8684
698,151800,112.6006
700,152400,132.3643
702,153000,92.947
704,153600,163.1325
706,154200,91.1538
709,154800,72.8701
711,155400,46.9464
713,156000,82.8985
715,156600,81.7108
718,157200,54.2264
720,157800,184.7312
722,158400,105.5917
724,159000,184.3814
728,159600,7.8496
730,160200,68.5955
732,160800,80.8507
734,161400,99.7367
736,162000,164.5528
738,162600,29.5454
741,163200,118.9478
743,163800,137.0512
745,164400,69.3694
747,165000,135.1417
750,165600,86.0025
752,166200,99.5975
755,166800,66.735
758,167400,122.3645
760,168000,66.9756
762,168600,139.6021
765,169200,29.0873
767,169800,62.737
770,170400,54.0841
772,171000,81.5463
774,171600,68.6344
776,172200,128.3263
779,172800,116.591
781,173400,103.8155
783,174000,70.7364
785,174600,126.5636
787,175200,155.6337
789,175800,112.3415
791,176400,123.7986
793,177000,174.1075
795,177600,174.1378
797,178200,190.113
799,178800,115.4355
802,179400,95.9637
804,180000,134.4502
806,180600,114.2258
808,181200,157.4891
810,181800,124.9138
813,182400,101.3562
815,183000,170.3143
817,183600,171.0191
819,184200,172.5928
821,184800,189.2675
823,185400,151.5135
825,186000,74.8724
827,186600,159.2451
829,187200,139.6282
831,187800,158.1115
834,188400,110.3493
836,189000,165.8676
838,189600,165.521
840,190200,165.2212
843,190800,74.6346
845,191400,98.3603
847,192000,158.6516
850,192600,114.7297
853,193200,71.9485
855,193800,172.2886
857,194400,120.4657
859,195000,161.1798
861,195600,146.6542
863,196200,84.9363
866,196800,45.1573
868,197400,200.566
871,198000,112.4239
873,198600,120.6296
876,199200,135.53
879,199800,116.7917
881,200400,199.6175
883,201000,183.7864
885,201600,97.0551
888,202200,193.6241
891,202800,-8.168
895,203400,49.3223
898,204000,36.8895
901,204600,24.9934
904,205200,136.0953
908,205800,19.0908
910,206400,79.1661
913,207000,34.3653
915,207600,16.0969
917,208200,151.4607
920,208800,114.1113
923,209400,136.9545
925,210000,151.0413
928,210600,60.0368
930,211200,226.0072
932,211800,132.9523
934,212400,159.2235
936,213000,74.7559
939,213600,166.3162
941,214200,77.3584
944,214800,117.8532
946,215400,150.4444
949,216000,101.7936
951,216600,55.645
953,217200,113.018
956,217800,99.9801
958,218400,127.5142
961,219000,51.441
964,219600,112.2299
966,220200,58.5816
968,220800,111.1594
970,221400,156.9444
973,222000,111.8844
976,222600,58.1937
978,223200,126.6787
980,223800,208.5568
983,224400,143.491
986,225000,126.946
988,225600,161.4787
990,226200,145.955
992,226800,92.7955
994,227400,204.5067
996,228000,90.9824
999,228600,87.3316
1001,229200,151.9997
1004,229800,70.1227
1007,230400,135.8109
1009,231000,70.3263
1011,231600,139.6096
1013,232200,160.3162
1016,232800,124.6669
1019,233400,65.9228
1021,234000,180.3861
1023,234600,47.7243
1025,235200,129.3877
1027,235800,177.2012
1029,236400,158.0267
1032,237000,84.7611
1034,237600,168.8171
1036,238200,104.1169
1038,238800,150.7753
1040,239400,191.8549
1043,240000,99.7261
1045,240600,173.8635
1047,241200,135.6777
1049,241800,84.2862
1051,242400,148.4283
1053,243000,150.6896
1055,243600,139.2561
1057,244200,124.3611
1059,244800,155.4181
1061,245400,161.9381
1063,246000,140.6283
1066,246600,108.5343
1068,247200,156.9223
1070,247800,176.5199
1073,248400,38.9179
1077,249000,40.8671
1079,249600,120.9973
1081,250200,164.6201
1084,250800,36.0552
1086,251400,80.9089
1088,252000,151.4895
1092,252600,94.0741
1094,253200,135.2693
1096,253800,111.4927
1098,254400,65.4866
1100,255000,178.2896
1104,255600,90.3152
1106,256200,72.5466
1108,256800,138.737
1111,257400,100.2189
1113,258000,156.5271
1115,258600,95.8189
1118,259200,108.002
1120,259800,176.4916
1122,260400,161.813
1125,261000,115.1274
1127,261600,89.2269
1129,262200,143.8674
1131,262800,166.9428
1134,263400,114.4205
1136,264000,160.0815
1138,264600,71.6463
1141,265200,64.8209
1144,265800,123.8331
1146,266400,142.618
1148,267000,173.2448
1151,267600,119.4914
1153,268200,180.3831
1156,268800,152.9678
1159,269400,75.9669
1161,270000,153.3684
1163,270600,129.6677
1165,271200,79.8589
1168,271800,101.5892
1170,272400,118.9176
1172,273000,70.7847
1174,273600,167.546
1176,274200,145.7022
1178,274800,153.6839
1180,275400,152.9166
1182,276000,163.7885
1184,276600,142.1994
1186,277200,182.4058
1189,277800,85.7633
1192,278400,117.892
1194,279000,166.8304
1196,279600,92.6096
1200,280200,79.3141
1202,280800,174.1477
1205,281400,74.1327
1208,282000,63.3603
1211,282600,49.5168
1213,283200,152.03
1215,283800,141.2101
1217,284400,153.2068
1219,285000,137.7664
1222,285600,99.3291
1224,286200,153.1123
1227,286800,125.0542
1229,287400,162.8009
1231,288000,108.0038
1234,288600,106.9217
1236,289200,178.8624
1239,289800,131.5742
1241,290400,161.4732
1243,291000,50.3766
1246,291600,110.6944
1248,292200,153.4817
1251,292800,97.5853
1253,293400,164.7806
1255,294000,88.4695
1257,294600,151.8974
1259,295200,155.074
1262,295800,80.4484
1264,296400,102.8081
1266,297000,191.2806
1268,297600,176.8577
1270,298200,190.7623
1273,298800,116.5271
1275,299400,113.9601
1279,300000,95.7993
1281,300600,160.5769
1283,301200,178.6954
1286,301800,51.3959
1288,302400,176.3912
1291,303000,72.2869
1293,303600,169.1495
1295,304200,145.5594
1297,304800,175.193
1301,305400,88.1981
1303,306000,67.7178
1305,306600,152.0699
1307,307200,155.2297
1310,307800,128.2702
1313,308400,27.8796
1315,309000,171.6639
1318,309600,124.3135
1320,310200,93.0286
1322,310800,119.8017
1324,311400,178.8279
1327,312000,95.7781
1329,312600,101.0124
1332,313200,137.4306
1334,313800,161.3216
1336,314400,109.7153
1338,315000,141.9948
1340,315600,140.8584
1343,316200,120.1978
1345,316800,176.1967
1349,317400,52.2275
1353,318000,41.9184
1355,318600,69.4174
1358,319200,112.6647
1361,319800,25.5813
1363,320400,70.4183
1365,321000,-46.1478
1368,321600,107.2337
1370,322200,80.6517
1372,322800,155.0601
1374,323400,-36.6887
1377,324000,116.7313
1379,324600,153.1087
1382,325200,40.1164
1385,325800,49.665
1387,326400,105.2226
1390,327000,45.5163
1392,327600,100.9343
1394,328200,89.9647
1396,328800,150.9475
1398,329400,72.4483
1401,330000,95.1807
1403,330600,151.6832
1405,331200,82.9105
1409,331800,109.6698
1411,332400,144.1841
1413,333000,163.1246
1415,333600,228.3129
1421,334200,9.7768
1424,334800,25.0612
1428,335400,45.3512
1432,336000,46.137
1435,336600,35.1828
1437,337200,153.9382
1440,337800,44.0249
1442,338400,165.1977
1446,339000,68.9395
1449,339600,24.6691
1451,340200,155.8754
1453,340800,134.0943
1456,341400,79.1754
1459,342000,73.7103
1461,342600,139.2499
1463,343200,117.167
1465,343800,139.9132
1467,344400,189.7367
1469,345000,149.5666
1471,345600,128.8913
1474,346200,108.8889
1476,346800,127.6837
1479,347400,74.0061
1481,348000,104.6745
1483,348600,181.5324
1486,349200,43.9788
1488,349800,134.3934
1490,350400,169.9262
1492,351000,140.5608
1494,351600,144.014
1497,352200,89.6143
1499,352800,156.2694
1501,353400,58.1524
1503,354000,138.0247
1505,354600,59.99
1507,355200,169.9805
1510,355800,65.4116
1513,356400,85.6764
1515,357000,37.444
1518,357600,55.5722
1521,358200,116.3943
1523,358800,131.21
1525,359400,142.348
1527,360000,163.5764
1530,360600,108.0273
1533,361200,54.6939
1535,361800,130.164
1537,362400,152.0789
1540,363000,-76.2298
1542,363600,78.3982
1545,364200,98.6801
1548,364800,66.1889
1551,365400,50.7659
1553,366000,47.5018
1555,366600,153.1565
1557,367200,72.3
1559,367800,144.6453
1562,368400,103.5706
1565,369000,75.6834
1567,369600,124.1038
1569,370200,27.0285
1573,370800,47.9295
1576,371400,101.7856
1579,372000,41.6587
1581,372600,187.3435
1583,373200,141.4262
1585,373800,178.7361
1588,374400,132.2257
1590,375000,169.2567
1594,375600,93.5518
1597,376200,64.8152
1600,376800,133.2695
1603,377400,102.1288
1605,378000,146.867
1607,378600,140.6243
1609,379200,60.1727
1611,379800,140.5054
1614,380400,101.1998
1616,381000,147.7239
1618,381600,173.1392
1621,382200,128.0516
1623,382800,142.5502
1625,383400,64.4455
1629,384000,79.9616
1631,384600,178.6026
1633,385200,-46.4775
1635,385800,138.4374
1639,386400,156.1318
1641,387000,124.7339
1643,387600,152.1193
1645,388200,83.0511
1648,388800,125.4666
1650,389400,157.9139
1652,390000,215.7687
1655,390600,102.5884
1658,391200,124.2938
1660,391800,81.9544
1662,392400,145.4561
1666,393000,86.277
1668,393600,96.4943
1670,394200,124.4855
1673,394800,115.451
1676,395400,71.3425
1678,396000,153.5165
1680,396600,154.5824
1682,397200,59.9695
1685,397800,88.142
1688,398400,95.9673
1690,399000,77.3981
1693,399600,106.0703
1696,400200,128.9586
1698,400800,163.4437
1700,401400,93.6835
1702,402000,158.362
1704,402600,155.7464
1707,403200,121.3133
1711,403800,50.454
1713,404400,88.7853
1715,405000,135.9324
1717,405600,152.1424
1719,406200,154.7583
1723,406800,68.585
1725,407400,106.3327
1728,408000,103.4312
1731,408600,50.1614
1734,409200,109.9375
1736,409800,76.0616
1739,410400,117.8558
1741,411000,75.2669
1744,411600,84.9487
1748,412200,69.8621
1750,412800,19.2514
1753,413400,110.4609
1756,414000,110.8909
1760,414600,54.5889
1763,415200,62.2056
1765,415800,145.7612
1767,416400,123.7415
1769,417000,87.8203
1771,417600,128.4455
1773,418200,137.9486
1775,418800,157.2685
1778,419400,92.7584
1781,420000,107.9457
1784,420600,54.0508
1788,421200,55.5499
1790,421800,77.9891
1793,422400,47.381
1796,423000,85.9721
1798,423600,126.7816
1800,424200,134.8455
1803,424800,85.8782
1806,425400,58.5049
1808,426000,134.4724
1810,426600,141.0984
1812,427200,129.5235
1814,427800,142.6765
1816,428400,146.3292
1818,429000,166.5835
1820,429600,75.7747
1822,430200,168.4305
1825,430800,154.167
1827,431400,165.2672
1829,432000,87.4199
1832,432600,158.1597
1834,433200,60.905
1837,433800,115.811
1840,434400,111.1124
1842,435000,123.177
1844,435600,125.9734
1846,436200,153.9433
1849,436800,99.9741
1851,437400,73.2929
1854,438000,77.2989
1857,438600,101.6717
1860,439200,130.5017
1862,439800,181.1111
1864,440400,93.7073
1866,441000,126.2119
1868,441600,123.6783
1871,442200,76.5486
1873,442800,132.368
1876,443400,131.8655
1878,444000,59.7874
1880,444600,139.0215
1883,445200,90.8058
1885,445800,134.8086
1887,446400,110.8485
1889,447000,145.0295
1891,447600,111.945
1893,448200,195.6353
1895,448800,141.7805
1898,449400,111.5988
1902,450000,75.8998
1904,450600,194.6675
1906,451200,122.5268
1908,451800,137.6548
1911,452400,74.2065
1913,453000,68.9043
1916,453600,150.6762
1918,454200,77.2019
1921,454800,92.5961
1923,455400,118.4832
1925,456000,135.0971
1927,456600,77.1169
1929,457200,91.0632
1931,457800,136.642
1934,458400,89.5531
1936,459000,209.8669
1938,459600,132.0122
1940,460200,171.3808
1942,460800,193.6909
1944,461400,144.0246
1946,462000,150.3977
1950,462600,78.0663
1952,463200,59.39
1955,463800,142.7351
1957,464400,198.1636
1959,465000,130.5439
1962,465600,87.5343
1965,466200,83.3833
1967,466800,139.6009
1970,467400,99.9926
1972,468000,161.7137
1974,468600,188.6501
1977,469200,77.4613
1979,469800,86.3037
1981,470400,159.7612
1984,471000,92.0228
1986,471600,26.8472
1989,472200,93.2192
1991,472800,155.7577
1993,473400,141.9562
1995,474000,154.2728
1998,474600,67.124
2000,475200,159.8103
2003,475800,104.7703
2006,476400,61.3047
2009,477000,100.8591
2013,477600,59.1262
2015,478200,103.4868
2018,478800,52.8207
2020,479400,100.7191
2022,480000,127.5998
2024,480600,134.0162
2027,481200,179.4761
2030,481800,66.8104
2032,482400,98.3754
2034,483000,80.6937
2037,483600,166.8398
2039,484200,183.5272
2041,484800,193.3249
2043,485400,118.0238
2047,486000,-10.5361
2049,486600,69.9036
2052,487200,-83.5475
2055,487800,75.6052
2057,488400,144.7564
2060,489000,136.4501
2062,489600,136.8101
2064,490200,139.5829
2067,490800,30.4092
2070,491400,106.9818
2073,492000,58.8084
2075,492600,156.5746
2077,493200,193.9302
2079,493800,170.4926
2081,494400,-6.5821
2083,495000,159.9801
2086,495600,5.318
2088,496200,151.5234
2091,496800,100.976
2093,497400,171.5088
2095,498000,150.5095
2098,498600,-2.5846
2100,499200,46.6136
2103,499800,52.7327
2106,500400,139.02
2108,501000,143.7885
2110,501600,11.3413
2112,502200,152.7905
2115,502800,111.8575
2118,503400,92.6467
2120,504000,175.4879
2123,504600,74.2402
2126,505200,75.4597
2128,505800,104.4631
2131,506400,143.4791
2133,507000,96.3477
2136,507600,55.3545
2140,508200,89.6709
2142,508800,110.9291
2144,509400,-0.5303
2147,510000,140.7904
2150,510600,60.2001
2152,511200,156.6438
2154,511800,151.1887
2158,512400,37.4657
2163,513000,-10.2485
2165,513600,68.3735
2167,514200,146.209
2170,514800,138.8156
2173,515400,207.6351
2175,516000,139.0084
2179,516600,105.7184
2181,517200,83.4102
2185,517800,94.2217
2187,518400,213.4671
2189,519000,189.3606
2192,519600,126.5748
2195,520200,99.0934
2197,520800,-1.8376
2199,521400,167.5145
2202,522000,107.3113
2206,522600,110.6496
2209,523200,74.4294
2211,523800,146.3973
2214,524400,123.2721
2217,525000,108.0759
2219,525600,173.7646
2223,526200,83.2026
2226,526800,179.6771
2228,527400,205.0467
2232,528000,44.7181
2234,528600,141.2273
2236,529200,147.0855
2239,529800,27.4907
2242,530400,211.2467
2244,531000,171.4386
2246,531600,186.9078
2248,532200,50.0813
2250,532800,145.8577
2253,533400,78.6914
2256,534000,51.8857
2258,534600,175.4374
2261,535200,209.9458
2263,535800,82.0616
2266,536400,111.4413
2268,537000,61.3023
2271,537600,97.6343
2273,538200,142.0452
2275,538800,140.9031
2277,539400,89.6746
2279,540000,168.3854
2282,540600,123.5745
2286,541200,57.2278
2289,541800,107.8651
2293,542400,76.6746
2295,543000,89.0882
2298,543600,111.6263
2300,544200,151.2531
2303,544800,140.4699
2305,545400,63.6021
2309,546000,87.8887
2311,546600,100.0995
2313,547200,160.0694
2315,547800,137.4176
2319,548400,113.2638
2322,549000,65.8419
2325,549600,103.074
2327,550200,153.271
2329,550800,104.1585
2333,551400,119.978
2335,552000,149.9494
2337,552600,144.8424
2340,553200,60.463
2342,553800,153.9924
2345,554400,107.8226
2348,555000,90.4062
2352,555600,46.9079
2356,556200,23.5864
2358,556800,90.4788
2361,557400,209.2509
2363,558000,111.3538
2366,558600,118.8433
2370,559200,86.0528
2372,559800,150.3837
2374,560400,144.3921
2377,561000,48.1283
2379,561600,211.61
2382,562200,101.609
2385,562800,131.3252
2389,563400,41.9155
2391,564000,163.1282
2395,564600,141.1674
2400,565200,119.3508
2402,565800,185.5391
2406,566400,52.203
2408,567000,68.9893
2411,567600,176.793
2414,568200,76.8451
2417,568800,74.6886
2420,569400,51.4761
2424,570000,82.9436
2426,570600,-86.5949
2429,571200,132.4454
2431,571800,142.9128
2435,572400,92.7559
2437,573000,93.4016
2440,573600,103.2248
2444,574200,4.6725
2446,574800,79.4956
2448,575400,192.1033
2451,576000,24.5812
2453,576600,199.3784
2455,577200,-28.2085
2459,577800,108.1899
2461,578400,58.8229
2464,579000,186.2467
2467,579600,136.1402
2469,580200,158.4497
2472,580800,-62.1191
2475,581400,83.423
2477,582000,151.6369
2479,582600,178.8606
2481,583200,164.2855
2484,583800,-21.0369
2487,584400,-6.8669
2490,585000,157.7977
2492,585600,144.7979
2494,586200,181.4172
2496,586800,115.8269
2500,587400,70.1558
2502,588000,157.011
2505,588600,134.5147
2508,589200,-23.7889
2510,589800,206.2595
2512,590400,116.297
2514,591000,134.6984
2516,591600,156.2524
2519,592200,176.5458
2521,592800,119.6357
2523,593400,-12.314
2525,594000,135.3182
2527,594600,139.16
2531,595200,54.3415
2533,595800,84.1414
2535,596400,172.6166
2538,597000,120.9303
2541,597600,23.7509
2544,598200,96.7706
2546,598800,10.8977
2548,599400,3.1688
2551,600000,123.5992
2554,600600,52.7652
2557,601200,84.1874
2559,601800,138.5403
2562,602400,139.7415
2565,603000,101.884
2568,603600,119.517
2570,604200,126.9262
2573,604800,133.3082
2575,605400,116.4873
2578,606000,134.9496
2581,606600,125.0766
2583,607200,65.424
2586,607800,82.8377
2589,608400,201.37
2591,609000,11.7847
2593,609600,143.9122
2596,610200,57.0262
2599,610800,215.0995
2601,611400,138.824
2604,612000,134.1699
2606,612600,171.1177
2608,613200,133.5924
2610,613800,8.6453
2613,614400,109.3522
2616,615000,-26.9568
2618,615600,133.2382
2620,616200,172.8331
2624,616800,12.6081
2626,617400,198.412
2629,618000,95.4532
2631,618600,197.7653
2633,619200,135.3132
2635,619800,153.0018
2637,620400,136.6702
2640,621000,115.6582
2644,621600,102.9313
2646,622200,91.9764
2649,622800,111.261
2652,623400,138.9398
2655,624000,158.6817
2657,624600,144.1637
2659,625200,168.3101
2662,625800,18.823
2665,626400,90.6451
2668,627000,101.4517
2672,627600,-25.2293
2674,628200,23.0143
2677,628800,76.6751
2679,629400,117.0757
2682,630000,98.493
2685,630600,-27.7573
2687,631200,141.3102
2689,631800,138.6764
2691,632400,107.822
2694,633000,53.347
2697,633600,95.7412
2699,634200,154.3593
2701,634800,181.1086
2704,635400,116.964
2706,636000,180.8885
2709,636600,131.1338
2711,637200,152.5119
2713,637800,108.4941
2715,638400,154.4818
2718,639000,124.7591
2720,639600,184.2095
2722,640200,161.9057
2727,640800,54.5162
2729,641400,76.3327
2731,642000,157.1305
2733,642600,113.3413
2736,643200,100.4885
2740,643800,111.6646
2743,644400,134.3238
2745,645000,159.4264
2747,645600,108.2493
2750,646200,120.0418
2752,646800,159.7839
2754,647400,174.4551
2756,648000,143.3573
2759,648600,126.9549
2763,649200,41.4895
2765,649800,95.3661
2767,650400,158.217
2769,651000,129.7079
2772,651600,111.4042
2775,652200,157.4038
2777,652800,168.771
2779,653400,114.3954
2782,654000,189.9543
2784,654600,240.005
2787,655200,198.7529
2789,655800,69.1215
2792,656400,111.9879
2795,657000,78.0763
2798,657600,119.2246
2800,658200,68.3574
2802,658800,212.6619
2805,659400,114.5421
2808,660000,100.1968
2810,660600,89.8895
2813,661200,163.1537
2815,661800,150.0254
2817,662400,169.0925
2821,663000,124.1554
2823,663600,136.8909
2827,664200,65.0729
2830,664800,67.7283
2833,665400,126.0387
2835,666000,154.1829
2837,666600,202.0323
2841,667200,66.3077
2843,667800,152.3363
2845,668400,199.0303
2849,669000,71.1853
2851,669600,120.0792
2855,670200,50.2691
2858,670800,55.5914
2860,671400,179.4717
2864,672000,90.8423
2868,672600,59.6585
2872,673200,3.5664
2875,673800,134.333
2878,674400,-37.5426
2882,675000,107.2428
2888,675600,17.5786
2892,676200,40.6922
2897,676800,39.2142
2901,677400,51.4145
2903,678000,57.3913
2905,678600,162.9616
2908,679200,105.9926
2911,679800,109.4579
2914,680400,140.1678
2916,681000,160.6832
2918,681600,240.1136
2920,682200,142.1254
2922,682800,160.1602
2926,683400,101.9881
2930,684000,66.4895
2932,684600,182.9581
2936,685200,45.0576
2939,685800,137.8252
2941,686400,108.2605
2945,687000,99.4696
2947,687600,153.2211
2949,688200,74.2908
2952,688800,178.0509
2954,689400,93.4846
2956,690000,141.4065
2958,690600,211.3314
2961,691200,170.2149
2963,691800,146.8483
2965,692400,84.0181
2968,693000,196.2274
2970,693600,89.8055
2973,694200,182.127
2976,694800,135.3485
2979,695400,87.3777
2982,696000,146.2003
2984,696600,75.6458
2986,697200,157.621
2988,697800,134.1379
2990,698400,132.9064
2994,699000,65.0906
2997,699600,55.5398
3001,700200,153.0339
3005,700800,32.7726
3008,701400,167.6754
3010,702000,140.8385
3012,702600,203.1048
3014,703200,72.6236
3017,703800,110.6855
3020,704400,30.6215
3023,705000,133.1536
3025,705600,135.607
3027,706200,156.5947
3029,706800,198.4498
3032,707400,79.5712
3034,708000,77.4239
3037,708600,115.8843
3039,709200,175.9954
3042,709800,110.7233
3044,710400,182.8331
3046,711000,136.8779
3048,711600,192.9532
3052,712200,106.2792
3054,712800,82.0483
3058,713400,109.1602
3060,714000,153.733
3063,714600,135.4189
3066,715200,216.0231
3069,715800,76.2126
3072,716400,186.3972
3075,717000,45.1748
3079,717600,50.1158
3083,718200,55.5422
3085,718800,93.2172
3089,719400,81.0675
3092,720000,129.175
3094,720600,65.4945
3096,721200,153.4
3098,721800,163.6865
3102,722400,79.5563
3104,723000,131.5236
3107,723600,160.61
3110,724200,100.1693
3112,724800,126.0867
3114,725400,126.6234
3116,726000,226.2902
3119,726600,162.5904
3122,727200,48.0408
3125,727800,131.5232
3127,728400,123.8472
3129,729000,184.9018
3131,729600,200.4386
3133,730200,111.4362
3137,730800,29.0292
3139,731400,131.0814
3142,732000,78.0051
3145,732600,174.7418
3147,733200,138.585
3150,733800,106.0822
3152,734400,150.8884
3154,735000,187.3818
3156,735600,198.0976
3161,736200,39.4664
3164,736800,116.2551
3166,737400,192.8683
3169,738000,179.7113
3171,738600,134.7108
3173,739200,218.9679
3175,739800,181.6954
3180,740400,80.8396
3183,741000,123.6951
3185,741600,149.6035
3187,742200,120.8285
3189,742800,49.1028
3191,743400,171.1819
3193,744000,143.0595
3195,744600,104.2174
3197,745200,146.3812
3199,745800,134.9022
3202,746400,109.2348
3205,747000,95.6414
3207,747600,108.7769
3210,748200,146.7576
3212,748800,214.3262
3214,749400,180.9708
3216,750000,195.9062
3220,750600,99.2754
3222,751200,217.0606
3224,751800,138.4523
3226,752400,119.1287
3228,753000,151.0925
3231,753600,103.9215
3234,754200,96.4095
3236,754800,60.9135
3238,755400,185.596
3240,756000,188.2015
3242,756600,168.6906
3244,757200,194.7489
3247,757800,103.8178
3249,758400,143.0097
3251,759000,154.3955
3254,759600,86.8941
3256,760200,161.782
3259,760800,91.451
3262,761400,64.0918
3265,762000,161.2412
3267,762600,151.3179
3270,763200,114.1701
3272,763800,63.1791
3276,764400,89.5338
3278,765000,27.7528
3281,765600,112.9873
3283,766200,159.2241
3285,766800,96.6935
3288,767400,100.759
3291,768000,107.2236
3295,768600,36.8348
3297,769200,65.4077
3301,769800,74.6496
3304,770400,49.5241
3308,771000,66.4686
3310,771600,185.9805
3313,772200,118.5689
3315,772800,191.0225
3318,773400,118.0164
3321,774000,147.0104
3324,774600,61.9189
3327,775200,149.8568
3329,775800,157.2119
3332,776400,141.766
3334,777000,164.1529
3338,777600,53.7238
3341,778200,103.7453
3344,778800,112.4253
3347,779400,37.3171
3350,780000,134.467
3352,780600,126.5886
3355,781200,91.1362
3360,781800,74.7512
3362,782400,177.4133
3364,783000,182.1056
3366,783600,90.5717
3370,784200,96.9693
3374,784800,66.3734
3378,785400,40.1251
3380,786000,162.3566
3382,786600,130.4139
3384,787200,144.5969
3386,787800,163.3605
3389,788400,105.5621
3392,789000,135.3633
3394,789600,142.5674
3396,790200,142.2425
3400,790800,120.1054
3402,791400,94.6198
3404,792000,179.6193
3406,792600,160.4301
3408,793200,141.5545
3410,793800,139.9245
3413,794400,112.2584
3415,795000,156.0256
3419,795600,145.9421
3422,796200,148.9624
3425,796800,64.9484
3428,797400,121.5252
3430,798000,157.482
3432,798600,150.565
3434,799200,139.1458
3437,799800,105.6121
3443,800400,33.9383
3446,801000,120.4949
3449,801600,53.5209
3452,802200,138.3242
3455,802800,53.4479
3457,803400,66.4763
3460,804000,119.001
3463,804600,68.5013
3465,805200,174.0712
3469,805800,98.055
3473,806400,29.0335
3477,807000,118.7864
3479,807600,191.0957
3482,808200,156.3578
3484,808800,214.8674
3486,809400,156.6224
3488,810000,169.8814
3491,810600,123.366
3493,811200,174.9839
3496,811800,117.0491
3498,812400,175.4189
3501,813000,66.1347
3504,813600,103.4666
3508,814200,47.356
3513,814800,37.0826
3515,815400,175.7784
3518,816000,58.3917
3521,816600,91.0965
3524,817200,131.0718
3528,817800,81.7013
3531,818400,125.2407
3534,819000,140.3325
3538,819600,25.9144
3541,820200,125.3909
3546,820800,13.0186
3549,821400,151.3204
3551,822000,195.5416
3553,822600,135.4239
3556,823200,126.6493
3559,823800,62.1416
3562,824400,187.5321
3564,825000,98.2899
3567,825600,52.8316
3569,826200,147.2328
3572,826800,180.5938
3574,827400,85.1691
3576,828000,188.9941
3579,828600,108.5728
3582,829200,216.1282
3584,829800,190.8157
3587,830400,107.1207
3590,831000,48.4333
3592,831600,196.0629
3596,832200,78.0244
3598,832800,157.6346
3601,833400,85.6497
3605,834000,35.8204
3609,834600,37.8142
3611,835200,185.296
3613,835800,169.8882
3615,836400,248.747
3620,837000,88.4842
3622,837600,165.3571
3624,838200,195.2678
3626,838800,160.5387
3629,839400,149.3986
3633,840000,34.9032
3635,840600,66.9994
3641,841200,35.0968
3643,841800,155.6624
3645,842400,211.4119
3647,843000,113.244
3649,843600,158.1436
3652,844200,84.251
3654,844800,76.051
3658,845400,95.1023
3660,846000,167.2978
3663,846600,134.8577
3665,847200,127.1942
3667,847800,79.5236
3670,848400,102.8837
3672,849000,139.169
3674,849600,76.7314
3678,850200,154.8693
3680,850800,105.0686
3682,851400,160.5167
3685,852000,160.4185
3689,852600,91.0918
3692,853200,167.6672
3694,853800,214.3447
3696,854400,155.6695
3699,855000,107.9753
3702,855600,142.6035
3705,856200,146.3395
3708,856800,88.4155
3710,857400,147.3873
3712,858000,164.3753
3715,858600,155.3103
3717,859200,152.1701
3721,859800,128.0212
3724,860400,97.4718
3727,861000,103.3898
3730,861600,206.7671
3733,862200,181.0747
3736,862800,199.4346
3738,863400,190.3244
3741,864000,138.7234
3745,864600,108.2286
3748,865200,95.4798
3751,865800,152.3976
3754,866400,206.4794
3757,867000,84.5067
3760,867600,175.342
3764,868200,94.2031
3767,868800,126.0434
3769,869400,35.5308
3773,870000,170.3778
3775,870600,83.6487
3778,871200,137.4647
3781,871800,141.9678
3784,872400,136.5567
3786,873000,122.2447
3788,873600,179.476
3790,874200,-19.2343
3794,874800,90.9519
3796,875400,164.9604
3798,876000,74.5661
3801,876600,220.8132
3803,877200,232.0085
3806,877800,259.4511
3809,878400,242.3452
3811,879000,203.8994
3814,879600,135.4865
3817,880200,134.0971
3820,880800,176.8619
3823,881400,240.0202
3825,882000,42.377
3829,882600,53.5261
3831,883200,142.3797
3834,883800,215.4653
3837,884400,134.7512
3840,885000,259.7844
3844,885600,48.2477
3848,886200,139.2464
3851,886800,121.7002
3854,887400,8.1258
3857,888000,238.2229
3861,888600,142.2105
3865,889200,24.0945
3869,889800,140.5121
3873,890400,120.816
3875,891000,-9.019
3878,891600,136.4856
3881,892200,104.2423
3883,892800,260.546
3886,893400,160.5833
3889,894000,149.509
3893,894600,84.1965
3896,895200,213.112
3899,895800,116.1762
3903,896400,147.2175
3905,897000,188.9882
3908,897600,179.7577
3911,898200,236.9536
3914,898800,141.6514
3918,899400,207.6903
3921,900000,88.0613
3924,900600,227.3812
3926,901200,157.2049
3928,901800,131.4728
3930,902400,80.8672
3933,903000,112.6732
3936,903600,129.4598
3938,904200,59.519
3942,904800,127.4262
3944,905400,85.0818
3948,906000,108.7368
3951,906600,80.831
3954,907200,196.5221
3957,907800,156.2165
3959,908400,204.1964
3963,909000,0.7751
3966,909600,254.0539
3968,910200,291.3133
3971,910800,143.5319
3975,911400,167.3572
3977,912000,226.9255
3980,912600,130.5071
3983,913200,78.3853
3986,913800,98.7764
3990,914400,144.0056
3992,915000,69.6469
3995,915600,193.9412
3998,916200,261.3292
4000,916800,204.5317
4003,917400,209.8019
4006,918000,71.6633
4009,918600,217.0926
4012,919200,230.4319
4014,919800,228.9117
4018,920400,137.6312
4021,921000,126.6941
4024,921600,130.4335
4027,922200,162.2831
4030,922800,218.0452
4032,923400,139.0335
4036,924000,78.0823
4039,924600,283.632
4042,925200,110.6322
4046,925800,144.011
4049,926400,97.8424
4053,927000,105.2203
4056,927600,120.5637
4059,928200,261.7857
4061,928800,202.362
4064,929400,125.9975
4068,930000,4.9799
4071,930600,81.3437
4074,931200,76.3604
4078,931800,64.0341
4082,932400,200.0477
4085,933000,190.4601
4090,933600,104.9621
4094,934200,44.0124
4097,934800,257.7912
4099,935400,99.4131
4102,936000,123.6075
4105,936600,113.3499
4107,937200,156.1467
4109,937800,238.1404
4112,938400,1.6228
4115,939000,205.2699
4117,939600,192.3039
4119,940200,221.745
4122,940800,27.1179
4125,941400,-33.3957
4128,942000,209.4488
4130,942600,-22.2304
4134,943200,136.2026
4138,943800,95.6182
4142,944400,4.5538
4144,945000,136.9626
4147,945600,168.4948
4151,946200,144.4739
4154,946800,246.2153
4156,947400,199.384
4159,948000,169.1221
4162,948600,136.1623
4166,949200,75.9771
4168,949800,206.6504
4171,950400,46.9536
4174,951000,178.2651
4177,951600,86.5756
4180,952200,216.7056
4183,952800,248.0412
4185,953400,246.1995
4188,954000,213.3372
4191,954600,66.7716
4194,955200,149.1667
4196,955800,192.2284
4199,956400,91.4994
4203,957000,122.1122
4206,957600,178.0066
4208,958200,265.1119
4212,958800,141.8619
4215,959400,118.7866
4217,960000,132.589
4219,960600,184.7553
4223,961200,130.5747
4226,961800,219.0379
4228,962400,242.6125
4232,963000,109.9329
4235,963600,139.3559
4237,964200,209.9232
4239,964800,191.8595
4242,965400,217.1026
4245,966000,60.7106
4249,966600,128.3734
4251,967200,180.7253
4254,967800,205.7802
4258,968400,58.229
4260,969000,119.5029
4263,969600,203.7337
4266,970200,244.0245
4269,970800,264.9595
4272,971400,153.4797
4275,972000,163.3226
4280,972600,94.4199
4283,973200,128.4315
4286,973800,169.9298
4289,974400,236.4152
4292,975000,244.2152
4295,975600,241.5996
4298,976200,64.8746
4302,976800,192.5131
4305,977400,170.1618
4309,978000,90.6655
4312,978600,191.0368
4315,979200,122.3905
4318,979800,260.2559
4320,980400,179.2794
4323,981000,255.7781
4327,981600,125.0903
4331,982200,67.8123
4333,982800,191.8994
4336,983400,231.3167
4339,984000,225.4327
4343,984600,205.8641
4347,985200,63.4121
4350,985800,219.7855
4353,986400,195.7295
4356,987000,228.6499
4358,987600,70.3383
4363,988200,170.1858
4367,988800,148.6106
4371,989400,-14.5462
4375,990000,179.4606
4378,990600,181.714
4381,991200,133.8343
4385,991800,140.2326
4389,992400,203.4416
4393,993000,5.0534
4396,993600,127.2229
4398,994200,166.0871
4402,994800,158.5446
4405,995400,160.1197
4407,996000,195.5371
4411,996600,163.6611
4414,997200,68.5132
4418,997800,183.1306
4421,998400,249.8863
4424,999000,131.2827
4427,999600,253.8778
